AminoAcid,Activity
TVAA,0.8415410441670552
AVAA,0.8409429963889067
VVAA,0.11013097950488579
IVAA,1.066929391163265
LVAA,1.5871260833430383
MVAA,0.4214246710387245
FVAA,0.9769844677333609
YVAA,2.3147457279806423
WVAA,1.780251160811114
HVAA,1.0284428691800969
KVAA,1.6926189534788896
RVAA,1.477921121245196
DVAA,0.13534538656846554
EVAA,1.4014145387277732
NVAA,1.7219032994979562
QVAA,1.002218759714866
SVAA,1.1619286943849612
CVAA,1.16881160236177
GVAA,1.1336323210947319
PVAA,0.08514125969409611
TAAA,0.39437507711474196
TIAA,0.05447338599511883
TLAA,1.3721158447496407
TMAA,1.0281272549380736
TFAA,1.1038721018551785
TYAA,1.5253804976748586
TWAA,0.06670246412140123
THAA,0.5829659090390239
TKAA,0.8509335617464776
TRAA,0.08045607496592924
TDAA,0.9080464738623982
TEAA,1.3344290636715965
TNAA,0.05135664954096184
TQAA,1.1228084711718735
TSAA,2.2946986272976178
TTAA,0.5403447249971203
TCAA,0.049721139298280446
TGAA,0.12331188748969857
TPAA,0.07520123571844108
TVVA,2.2653910335165475
TVIA,0.05713383468571627
TVMA,2.310821103820462
TVFA,1.924770436739607
TVYA,2.214428413565506
TVWA,1.9312049335557055
TVHA,1.7770669266000854
TVKA,1.6737880214156733
TVRA,2.479901649763914
TVDA,2.07387339245541
TVEA,1.8121557771529198
TVNA,0.0730308620215683
TVQA,1.9445710136052798
TVSA,0.10204553221484695
TVTA,1.4262944896949545
TVCA,1.8167753787295562
TVGA,0.08941233968138237
TVPA,0.08537717323043874
TVAV,0.5739351566834116
TVAI,0.3114586409915838
TVAM,0.2642631500059829
TVAF,0.4442929755880353
TVAY,0.5171525231897514
TVAW,0.35378659577349825
TVAH,0.35391762518573455
TVAK,0.47890071146655494
TVAR,0.2910088304969775
TVAD,0.47567484023968204
TVAE,0.32428796147648087
TVAN,0.38926848683340076
TVAQ,0.3079376199520043
TVAS,3.478910824012983
TVAT,2.2350917812205764
TVAC,0.35626264289145726
TVAG,0.8704993485409678
TVAP,0.46946849235941807
