AminoAcid,Activity
ENAA,1.1595358741629944
ANAA,0.7408692470741578
VNAA,2.2725511922572355
INAA,0.8964019327594286
LNAA,5.264007353464504
MNAA,0.6141541818052804
FNAA,1.427057595756429
YNAA,0.9578471665769728
WNAA,0.9343584069164946
HNAA,0.9280458012182315
KNAA,0.9013371537461178
RNAA,0.7596388464947051
DNAA,0.6032203858988786
NNAA,0.8135422733469723
QNAA,0.8950502739463858
SNAA,0.9589675269483625
TNAA,3.50452603444915
CNAA,0.9145545219944408
GNAA,0.8904704238933715
PNAA,1.409734193163673
EAAA,1.0944079764238157
EVAA,1.0166067376329742
EIAA,1.0454317541477354
ELAA,0.9910565587108513
EMAA,0.8102853424031954
EFAA,0.7786146551702883
EYAA,0.7621346283424586
EWAA,0.84240505177089
EHAA,0.44368751204855367
EKAA,0.7538765450861165
ERAA,0.9692380580813487
EDAA,0.8283876358091614
EEAA,0.717376078112799
EQAA,12.287502589003672
ESAA,0.6853915947686172
ETAA,0.8343142977042677
ECAA,0.7815277573025347
EGAA,1.0692387988943521
EPAA,1.2763694093870532
ENVA,1.7287084607810808
ENIA,1.4237309875293207
ENLA,25.638787125771216
ENMA,1.1039731136517974
ENFA,7.6617885240892605
ENYA,0.9070221376628284
ENWA,2.303474430411418
ENHA,6.347844191060733
ENKA,2.172188210163384
ENRA,0.9892085660266237
ENDA,0.9860386235656682
ENEA,0.9887926699562786
ENNA,0.92075454387209
ENQA,1.0274495780390183
ENSA,1.2116082663826002
ENTA,1.1617192301176085
ENCA,0.8760922972198163
ENGA,1.0593310598304744
ENPA,0.8726081049518074
ENAV,1.3808578098937845
ENAI,2.370567171724987
ENAL,1.821335507791806
ENAM,5.402096939259109
ENAF,0.7310035163160863
ENAY,0.6726984988940439
ENAW,0.7050012590659205
ENAH,0.5662053228626818
ENAK,0.6980695274870882
ENAR,0.5892311645877042
ENAD,0.6758682539278291
ENAE,0.6596775284632407
ENAN,0.6317997810214613
ENAQ,0.6807911846688024
ENAS,0.6450201879495909
ENAT,0.6234213569054738
ENAC,1.4821636626988042
ENAG,0.7272926300644944
ENAP,0.6689989323991379
