AminoAcid,Activity
LEAR,1.0738697676128552
AEAR,1.0446221995646414
VEAR,2.4270903464171885
IEAR,3.9397695014415475
MEAR,3.4680166348593198
FEAR,1.3464760996749678
YEAR,1.6125202056773602
WEAR,1.3718373514847806
HEAR,1.1976726997509064
KEAR,1.2838492564686208
REAR,1.3417578009739703
DEAR,1.3322910423520689
EEAR,1.0662661200635757
NEAR,1.3318119271744424
QEAR,1.2591016996548814
SEAR,1.4155473148191213
TEAR,1.7756888414821868
CEAR,1.1321219737951795
GEAR,0.8242672451023703
PEAR,1.3516987394620124
LAAR,0.8898353229588813
LVAR,1.9978589467654184
LIAR,1.247993676888825
LLAR,4.325676667691593
LMAR,1.4330013877597005
LFAR,1.9679808610351344
LYAR,1.2697760846483532
LWAR,1.3284957014837393
LHAR,1.3017933714144458
LKAR,1.0697534685358108
LRAR,1.2922547345495954
LDAR,1.320594450489285
LNAR,3.5362650398364592
LQAR,1.3121925371230623
LSAR,1.2846569055426027
LTAR,1.7913242025102396
LCAR,1.3826609008897823
LGAR,1.349240345435667
LPAR,1.8378978833021964
LEVR,1.954523586544483
LEIR,1.7450950335683895
LELR,46.37676671653522
LEMR,1.0638662613595131
LEFR,16.001342591910625
LEYR,0.7917479488954606
LEWR,1.2346468851067092
LEHR,9.529262129753826
LEKR,1.3131113199998063
LERR,0.9435624473387025
LEDR,1.0680966564016006
LEER,0.8533205306247867
LENR,0.8961172508884164
LEQR,1.0454442940491848
LESR,0.7940324828172468
LETR,0.9687468938498517
LECR,0.805797547711434
LEGR,1.0330112437628307
LEPR,1.5425223772782628
LEAA,1.8999071682931805
LEAV,3.4936241836041115
LEAI,4.100285363144856
LEAL,2.7965219141522564
LEAM,1.5344272298898212
LEAF,1.1172950896396991
LEAY,1.0477568101357593
LEAW,0.865270848371213
LEAH,1.7171221101753362
LEAK,0.9900679380627591
LEAD,0.9084193164537171
LEAE,1.1121865823459425
LEAN,1.6197358293074693
LEAQ,2.037535938446982
LEAS,1.4333441678968175
LEAT,2.5897987319777434
LEAC,2.482412241195766
LEAG,1.5313319124190186
LEAP,0.9352915131763765
